13104,0.0,0.0,0.0,0.0,0.0,11.64,2022-07-01 00:00:00
13105,0.0,0.0,0.0,0.0,0.0,11.65,2022-07-01 01:00:00
13106,0.0,0.0,0.0,0.0,0.0,11.64,2022-07-01 02:00:00
13107,0.0,0.0,0.0,0.0,0.0,11.61,2022-07-01 03:00:00
13108,0.0,0.0,0.0,0.0,0.0,11.57,2022-07-01 04:00:00
13109,0.0,0.0,0.0,0.0,0.0,11.54,2022-07-01 05:00:00
13110,0.0,0.0,0.0,0.0,0.0,11.55,2022-07-01 06:00:00
13111,0.0,0.0,0.0,0.0,0.0,11.53,2022-07-01 07:00:00
13112,0.0,0.0,0.0,0.0,0.0,11.5,2022-07-01 08:00:00
13113,0.0,0.0,0.0,0.0,0.0,11.47,2022-07-01 09:00:00
13114,0.0,0.0,0.0,0.0,0.0,11.47,2022-07-01 10:00:00
13115,0.0,0.0,0.0,0.0,0.0,11.46,2022-07-01 11:00:00
13116,0.0,0.0,0.0,0.0,0.0,11.46,2022-07-01 12:00:00
13117,0.0,0.0,0.0,0.0,0.0,11.48,2022-07-01 13:00:00
13118,0.0,0.0,0.0,0.0,0.0,11.49,2022-07-01 14:00:00
13119,0.0,0.0,0.0,0.0,0.0,11.52,2022-07-01 15:00:00
13120,0.0,0.0,0.0,0.0,0.0,11.54,2022-07-01 16:00:00
13121,0.0,0.0,0.0,0.0,0.0,11.55,2022-07-01 17:00:00
13122,0.0,0.0,0.0,0.0,0.0,11.55,2022-07-01 18:00:00
13123,0.0,0.0,0.0,0.0,0.0,11.55,2022-07-01 19:00:00
13124,0.0,0.0,0.0,0.0,0.0,11.55,2022-07-01 20:00:00
13125,0.0,0.0,0.0,0.0,0.0,11.53,2022-07-01 21:00:00
13126,0.0,0.0,0.0,0.0,0.0,11.54,2022-07-01 22:00:00
13127,0.0,0.0,0.0,0.0,0.0,11.59,2022-07-01 23:00:00
13128,0.0,0.0,0.0,0.0,0.0,11.22,2022-07-02 00:00:00
13129,0.0,0.0,0.0,0.0,0.0,11.28,2022-07-02 01:00:00
13130,0.0,0.0,0.0,0.0,0.0,11.3,2022-07-02 02:00:00
13131,0.0,0.0,0.0,0.0,0.0,11.3,2022-07-02 03:00:00
13132,0.0,0.0,0.0,0.0,0.0,11.28,2022-07-02 04:00:00
13133,0.0,0.0,0.0,0.0,0.0,11.26,2022-07-02 05:00:00
13134,0.0,0.0,0.0,0.0,0.0,11.24,2022-07-02 06:00:00
13135,0.0,0.0,0.0,0.0,0.0,11.18,2022-07-02 07:00:00
13136,0.0,0.0,0.0,0.0,0.0,11.18,2022-07-02 08:00:00
13137,0.0,0.0,0.0,0.0,0.0,11.16,2022-07-02 09:00:00
13138,0.0,0.0,0.0,0.0,0.0,11.15,2022-07-02 10:00:00
13139,0.0,0.0,0.0,0.0,0.0,11.14,2022-07-02 11:00:00
13140,0.0,0.0,0.0,0.0,0.0,11.15,2022-07-02 12:00:00
13141,0.0,0.0,0.0,0.0,0.0,11.17,2022-07-02 13:00:00
13142,0.0,0.0,0.0,0.0,0.0,11.22,2022-07-02 14:00:00
13143,0.0,0.0,0.0,0.0,0.0,11.25,2022-07-02 15:00:00
13144,0.0,0.0,0.0,0.0,0.0,11.28,2022-07-02 16:00:00
13145,0.0,0.0,0.0,0.0,0.0,11.27,2022-07-02 17:00:00
13146,0.0,0.0,0.0,0.0,0.0,11.25,2022-07-02 18:00:00
13147,0.0,0.0,0.0,0.0,0.0,11.23,2022-07-02 19:00:00
13148,0.0,0.0,0.0,0.0,0.0,11.21,2022-07-02 20:00:00
13149,0.0,0.0,0.0,0.0,0.0,11.19,2022-07-02 21:00:00
13150,0.0,0.0,0.0,0.0,0.0,11.17,2022-07-02 22:00:00
13151,0.0,0.0,0.0,0.0,0.0,11.18,2022-07-02 23:00:00
13152,0.0,0.0,0.0,0.0,0.0,11.19,2022-07-03 00:00:00
13153,0.0,0.0,0.0,0.0,0.0,11.23,2022-07-03 01:00:00
13154,0.0,0.0,0.0,0.0,0.0,11.22,2022-07-03 02:00:00
13155,0.0,0.0,0.0,0.0,0.0,11.19,2022-07-03 03:00:00
13156,0.0,0.0,0.0,0.0,0.0,11.16,2022-07-03 04:00:00
13157,0.0,0.0,0.0,0.0,0.0,11.14,2022-07-03 05:00:00
13158,0.0,0.0,0.0,0.0,0.0,11.12,2022-07-03 06:00:00
13159,0.0,0.0,0.0,0.0,0.0,11.08,2022-07-03 07:00:00
13160,0.0,0.0,0.0,0.0,0.0,11.06,2022-07-03 08:00:00
13161,0.0,0.0,0.0,0.0,0.0,11.06,2022-07-03 09:00:00
13162,0.0,0.0,0.0,0.0,0.0,11.06,2022-07-03 10:00:00
13163,0.0,0.0,0.0,0.0,0.0,11.1,2022-07-03 11:00:00
13164,0.0,0.0,0.0,0.0,0.0,11.14,2022-07-03 12:00:00
13165,0.0,0.0,0.0,0.0,0.0,11.2,2022-07-03 13:00:00
13166,0.0,0.0,0.0,0.0,0.0,11.23,2022-07-03 14:00:00
13167,0.0,0.0,0.0,0.0,0.0,11.23,2022-07-03 15:00:00
13168,0.0,0.0,0.0,0.0,0.0,11.21,2022-07-03 16:00:00
13169,0.0,0.0,0.0,0.0,0.0,11.17,2022-07-03 17:00:00
13170,0.0,0.0,0.0,0.0,0.0,11.14,2022-07-03 18:00:00
13171,0.0,0.0,0.0,0.0,0.0,11.12,2022-07-03 19:00:00
13172,0.0,0.0,0.0,0.0,0.0,11.09,2022-07-03 20:00:00
13173,0.0,0.0,0.0,0.0,0.0,11.06,2022-07-03 21:00:00
13174,0.0,0.0,0.0,0.0,0.0,11.05,2022-07-03 22:00:00
13175,0.0,0.0,0.0,0.0,0.0,11.05,2022-07-03 23:00:00
13176,0.0,0.0,0.0,0.0,0.0,11.45,2022-07-04 00:00:00
13177,0.0,0.0,0.0,0.0,0.0,11.43,2022-07-04 01:00:00
13178,0.0,0.0,0.0,0.0,0.0,11.4,2022-07-04 02:00:00
13179,0.0,0.0,0.0,0.0,0.0,11.38,2022-07-04 03:00:00
13180,0.0,0.0,0.0,0.0,0.0,11.37,2022-07-04 04:00:00
13181,0.0,0.0,0.0,0.0,0.0,11.34,2022-07-04 05:00:00
13182,0.0,0.0,0.0,0.0,0.0,11.34,2022-07-04 06:00:00
13183,0.0,0.0,0.0,0.0,0.0,11.34,2022-07-04 07:00:00
13184,0.0,0.0,0.0,0.0,0.0,11.34,2022-07-04 08:00:00
13185,0.0,0.0,0.0,0.0,0.0,11.34,2022-07-04 09:00:00
13186,0.0,0.0,0.0,0.0,0.0,11.36,2022-07-04 10:00:00
13187,0.0,0.0,0.0,0.0,0.0,11.36,2022-07-04 11:00:00
13188,0.0,0.0,0.0,0.0,0.0,11.37,2022-07-04 12:00:00
13189,0.0,0.0,0.0,0.0,0.0,11.42,2022-07-04 13:00:00
13190,0.0,0.0,0.0,0.0,0.0,11.43,2022-07-04 14:00:00
13191,0.0,0.0,0.0,0.0,0.0,11.43,2022-07-04 15:00:00
13192,0.0,0.0,0.0,0.0,0.0,11.43,2022-07-04 16:00:00
13193,0.0,0.0,0.0,0.0,0.0,11.41,2022-07-04 17:00:00
13194,0.0,0.0,0.0,0.0,0.0,11.36,2022-07-04 18:00:00
13195,0.0,0.0,0.0,0.0,0.0,11.34,2022-07-04 19:00:00
13196,0.0,0.0,0.0,0.0,0.0,11.32,2022-07-04 20:00:00
13197,0.0,0.0,0.0,0.0,0.0,11.28,2022-07-04 21:00:00
13198,0.0,0.0,0.0,0.0,0.0,11.28,2022-07-04 22:00:00
13199,0.0,0.0,0.0,0.0,0.0,11.27,2022-07-04 23:00:00
13200,0.0,0.0,0.0,0.0,0.0,11.15,2022-07-05 00:00:00
13201,0.0,0.0,0.0,0.0,0.0,11.15,2022-07-05 01:00:00
13202,0.0,0.0,0.0,0.0,0.0,11.13,2022-07-05 02:00:00
13203,0.0,0.0,0.0,0.0,0.0,11.1,2022-07-05 03:00:00
13204,0.0,0.0,0.0,0.0,0.0,11.09,2022-07-05 04:00:00
13205,0.0,0.0,0.0,0.0,0.0,11.09,2022-07-05 05:00:00
13206,0.0,0.0,0.0,0.0,0.0,11.08,2022-07-05 06:00:00
13207,0.0,0.0,0.0,0.0,0.0,11.08,2022-07-05 07:00:00
13208,0.0,0.0,0.0,0.0,0.0,11.1,2022-07-05 08:00:00
13209,0.0,0.0,0.0,0.0,0.0,11.15,2022-07-05 09:00:00
13210,0.0,0.0,0.0,0.0,0.0,11.23,2022-07-05 10:00:00
13211,0.0,0.0,0.0,0.0,0.0,11.23,2022-07-05 11:00:00
13212,0.0,0.0,0.0,0.0,0.0,11.3,2022-07-05 12:00:00
13213,0.0,0.0,0.0,0.0,0.0,11.3,2022-07-05 13:00:00
13214,0.0,0.0,0.0,0.0,0.0,11.32,2022-07-05 14:00:00
13215,0.0,0.0,0.0,0.0,0.0,11.32,2022-07-05 15:00:00
13216,0.0,0.0,0.0,0.0,0.0,11.32,2022-07-05 16:00:00
13217,0.0,0.0,0.0,0.0,0.0,11.23,2022-07-05 17:00:00
13218,0.0,0.0,0.0,0.0,0.0,11.23,2022-07-05 18:00:00
13219,0.0,0.0,0.0,0.0,0.0,11.2,2022-07-05 19:00:00
13220,0.0,0.0,0.0,0.0,0.0,11.15,2022-07-05 20:00:00
13221,0.0,0.0,0.0,0.0,0.0,11.15,2022-07-05 21:00:00
13222,0.0,0.0,0.0,0.0,0.0,11.12,2022-07-05 22:00:00
13223,0.0,0.0,0.0,0.0,0.0,11.08,2022-07-05 23:00:00
13224,0.0,0.0,0.0,0.0,0.0,11.27,2022-07-06 00:00:00
13225,0.0,0.0,0.0,0.0,0.0,11.31,2022-07-06 01:00:00
13226,0.0,0.0,0.0,0.0,0.0,11.29,2022-07-06 02:00:00
13227,0.0,0.0,0.0,0.0,0.0,11.27,2022-07-06 03:00:00
13228,0.0,0.0,0.0,0.0,0.0,11.26,2022-07-06 04:00:00
13229,0.0,0.0,0.0,0.0,0.0,11.26,2022-07-06 05:00:00
13230,0.0,0.0,0.0,0.0,0.0,11.26,2022-07-06 06:00:00
13231,0.0,0.0,0.0,0.0,0.0,11.27,2022-07-06 07:00:00
13232,0.0,0.0,0.0,0.0,0.0,11.27,2022-07-06 08:00:00
13233,0.0,0.0,0.0,0.0,0.0,11.29,2022-07-06 09:00:00
13234,0.0,0.0,0.0,0.0,0.0,11.31,2022-07-06 10:00:00
13235,0.0,0.0,0.0,0.0,0.0,11.36,2022-07-06 11:00:00
13236,0.0,0.0,0.0,0.0,0.0,11.33,2022-07-06 12:00:00
13237,0.0,0.0,0.0,0.0,0.0,11.38,2022-07-06 13:00:00
13238,0.0,0.0,0.0,0.0,0.0,11.4,2022-07-06 14:00:00
13239,0.0,0.0,0.0,0.0,0.0,11.4,2022-07-06 15:00:00
13240,0.0,0.0,0.0,0.0,0.0,11.42,2022-07-06 16:00:00
13241,0.0,0.0,0.0,0.0,0.0,11.39,2022-07-06 17:00:00
13242,0.0,0.0,0.0,0.0,0.0,11.37,2022-07-06 18:00:00
13243,0.0,0.0,0.0,0.0,0.0,11.35,2022-07-06 19:00:00
13244,0.0,0.0,0.0,0.0,0.0,11.3,2022-07-06 20:00:00
13245,0.0,0.0,0.0,0.0,0.0,11.3,2022-07-06 21:00:00
13246,0.0,0.0,0.0,0.0,0.0,11.27,2022-07-06 22:00:00
13247,0.0,0.0,0.0,0.0,0.0,11.27,2022-07-06 23:00:00
13248,0.0,0.0,0.0,0.0,0.0,11.41,2022-07-07 00:00:00
13249,0.0,0.0,0.0,0.0,0.0,11.41,2022-07-07 01:00:00
13250,0.0,0.0,0.0,0.0,0.0,11.41,2022-07-07 02:00:00
13251,0.0,0.0,0.0,0.0,0.0,11.4,2022-07-07 03:00:00
13252,0.0,0.0,0.0,0.0,0.0,11.4,2022-07-07 04:00:00
13253,0.0,0.0,1.0,0.0,0.0,11.41,2022-07-07 05:00:00
13254,0.0,0.0,0.0,0.0,0.0,11.42,2022-07-07 06:00:00
13255,0.0,0.0,0.0,0.0,0.0,11.43,2022-07-07 07:00:00
13256,0.0,0.0,0.0,0.0,0.0,11.46,2022-07-07 08:00:00
13257,0.0,0.0,0.0,0.0,0.0,11.49,2022-07-07 09:00:00
13258,0.0,0.0,0.0,0.0,0.0,11.5,2022-07-07 10:00:00
13259,0.0,0.0,0.0,0.0,0.0,11.51,2022-07-07 11:00:00
13260,5.0,0.0,0.0,2.0,0.0,11.83,2022-07-07 12:00:00
13261,12.0,2.0,0.0,4.0,13.0,11.98,2022-07-07 13:00:00
13262,0.0,2.0,0.0,3.0,45.0,11.98,2022-07-07 14:00:00
13263,0.0,1.0,6.0,0.0,4.0,12.08,2022-07-07 15:00:00
13264,0.0,0.0,4.0,0.0,0.0,12.38,2022-07-07 16:00:00
13265,0.0,0.0,0.0,0.0,0.0,12.66,2022-07-07 17:00:00
13266,0.0,0.0,0.0,0.0,0.0,12.65,2022-07-07 18:00:00
13267,1.0,0.0,0.0,0.0,0.0,12.45,2022-07-07 19:00:00
13268,0.0,0.0,0.0,0.0,0.0,12.1,2022-07-07 20:00:00
13269,0.0,0.0,0.0,1.0,0.0,12.1,2022-07-07 21:00:00
13270,1.0,2.0,1.0,0.0,0.0,11.97,2022-07-07 22:00:00
13271,1.0,1.0,1.0,1.0,1.0,11.85,2022-07-07 23:00:00
13272,0.0,0.0,0.0,0.0,0.0,12.58,2022-07-08 00:00:00
13273,0.0,0.0,0.0,0.0,0.0,12.51,2022-07-08 01:00:00
13274,0.0,0.0,0.0,0.0,0.0,12.44,2022-07-08 02:00:00
13275,0.0,0.0,0.0,0.0,0.0,12.44,2022-07-08 03:00:00
13276,0.0,0.0,0.0,0.0,0.0,12.41,2022-07-08 04:00:00
13277,0.0,0.0,0.0,0.0,0.0,12.37,2022-07-08 05:00:00
13278,0.0,0.0,0.0,0.0,0.0,12.34,2022-07-08 06:00:00
13279,0.0,0.0,0.0,0.0,0.0,12.31,2022-07-08 07:00:00
13280,0.0,0.0,0.0,0.0,0.0,12.3,2022-07-08 08:00:00
13281,0.0,0.0,0.0,0.0,0.0,12.28,2022-07-08 09:00:00
13282,0.0,0.0,0.0,0.0,0.0,12.25,2022-07-08 10:00:00
13283,0.0,0.0,0.0,0.0,0.0,12.23,2022-07-08 11:00:00
13284,0.0,0.0,0.0,0.0,0.0,12.23,2022-07-08 12:00:00
13285,0.0,0.0,0.0,0.0,0.0,12.21,2022-07-08 13:00:00
13286,0.0,0.0,0.0,0.0,0.0,12.18,2022-07-08 14:00:00
13287,0.0,0.0,0.0,0.0,0.0,12.22,2022-07-08 15:00:00
13288,0.0,0.0,0.0,0.0,0.0,12.22,2022-07-08 16:00:00
13289,0.0,0.0,0.0,0.0,0.0,12.37,2022-07-08 17:00:00
13290,0.0,0.0,0.0,0.0,0.0,12.46,2022-07-08 18:00:00
13291,0.0,0.0,0.0,0.0,0.0,12.92,2022-07-08 19:00:00
13292,0.0,0.0,0.0,0.0,0.0,12.92,2022-07-08 20:00:00
13293,0.0,0.0,0.0,0.0,0.0,12.84,2022-07-08 21:00:00
13294,0.0,0.0,0.0,0.0,0.0,12.67,2022-07-08 22:00:00
13295,0.0,0.0,0.0,0.0,0.0,12.51,2022-07-08 23:00:00
13296,0.0,0.0,0.0,0.0,0.0,12.06,2022-07-09 00:00:00
13297,0.0,0.0,0.0,0.0,0.0,12.07,2022-07-09 01:00:00
13298,0.0,0.0,0.0,0.0,0.0,12.06,2022-07-09 02:00:00
13299,0.0,0.0,0.0,0.0,0.0,12.06,2022-07-09 03:00:00
13300,0.0,0.0,0.0,0.0,0.0,12.07,2022-07-09 04:00:00
13301,0.0,0.0,0.0,0.0,0.0,12.06,2022-07-09 05:00:00
13302,0.0,0.0,0.0,0.0,0.0,12.04,2022-07-09 06:00:00
13303,0.0,0.0,0.0,0.0,0.0,12.06,2022-07-09 07:00:00
13304,0.0,0.0,0.0,0.0,0.0,12.05,2022-07-09 08:00:00
13305,0.0,0.0,0.0,0.0,0.0,12.04,2022-07-09 09:00:00
13306,0.0,0.0,0.0,0.0,0.0,12.05,2022-07-09 10:00:00
13307,0.0,0.0,0.0,0.0,0.0,12.06,2022-07-09 11:00:00
13308,0.0,0.0,0.0,0.0,0.0,12.04,2022-07-09 12:00:00
13309,0.0,0.0,0.0,0.0,0.0,12.04,2022-07-09 13:00:00
13310,0.0,0.0,0.0,0.0,0.0,12.05,2022-07-09 14:00:00
13311,0.0,0.0,0.0,0.0,0.0,12.06,2022-07-09 15:00:00
13312,0.0,0.0,0.0,0.0,0.0,12.07,2022-07-09 16:00:00
13313,0.0,0.0,0.0,0.0,0.0,12.04,2022-07-09 17:00:00
13314,0.0,0.0,0.0,0.0,0.0,12.03,2022-07-09 18:00:00
13315,0.0,0.0,0.0,0.0,0.0,12.01,2022-07-09 19:00:00
13316,0.0,0.0,0.0,0.0,0.0,12.01,2022-07-09 20:00:00
13317,0.0,0.0,0.0,0.0,0.0,12.01,2022-07-09 21:00:00
13318,0.0,0.0,0.0,0.0,0.0,12.01,2022-07-09 22:00:00
13319,0.0,0.0,0.0,0.0,0.0,12.01,2022-07-09 23:00:00
13320,0.0,0.0,0.0,0.0,0.0,12.11,2022-07-10 00:00:00
13321,0.0,0.0,0.0,0.0,0.0,12.11,2022-07-10 01:00:00
13322,0.0,0.0,0.0,0.0,0.0,12.1,2022-07-10 02:00:00
13323,0.0,0.0,0.0,0.0,0.0,12.11,2022-07-10 03:00:00
13324,0.0,0.0,0.0,0.0,0.0,12.11,2022-07-10 04:00:00
13325,0.0,0.0,0.0,0.0,0.0,12.12,2022-07-10 05:00:00
13326,0.0,0.0,0.0,0.0,0.0,12.11,2022-07-10 06:00:00
13327,0.0,0.0,0.0,0.0,0.0,12.12,2022-07-10 07:00:00
13328,0.0,0.0,1.0,0.0,0.0,12.11,2022-07-10 08:00:00
13329,0.0,0.0,0.0,0.0,0.0,12.12,2022-07-10 09:00:00
13330,0.0,0.0,0.0,0.0,0.0,12.12,2022-07-10 10:00:00
13331,0.0,0.0,0.0,0.0,0.0,12.13,2022-07-10 11:00:00
13332,0.0,0.0,0.0,0.0,0.0,12.13,2022-07-10 12:00:00
13333,0.0,0.0,0.0,0.0,0.0,12.13,2022-07-10 13:00:00
13334,0.0,0.0,0.0,0.0,0.0,12.14,2022-07-10 14:00:00
13335,0.0,0.0,0.0,0.0,0.0,12.11,2022-07-10 15:00:00
13336,0.0,0.0,0.0,0.0,0.0,12.1,2022-07-10 16:00:00
13337,0.0,0.0,0.0,0.0,0.0,12.13,2022-07-10 17:00:00
13338,0.0,0.0,0.0,0.0,0.0,12.09,2022-07-10 18:00:00
13339,0.0,0.0,0.0,0.0,0.0,12.1,2022-07-10 19:00:00
13340,0.0,0.0,0.0,0.0,0.0,12.11,2022-07-10 20:00:00
13341,0.0,0.0,0.0,0.0,0.0,12.12,2022-07-10 21:00:00
13342,0.0,0.0,0.0,0.0,0.0,12.1,2022-07-10 22:00:00
13343,0.0,0.0,0.0,0.0,0.0,12.07,2022-07-10 23:00:00
13344,0.0,0.0,0.0,0.0,0.0,12.82,2022-07-11 00:00:00
13345,0.0,0.0,0.0,0.0,0.0,12.81,2022-07-11 01:00:00
13346,0.0,0.0,0.0,0.0,0.0,12.79,2022-07-11 02:00:00
13347,0.0,0.0,0.0,0.0,0.0,12.79,2022-07-11 03:00:00
13348,0.0,0.0,0.0,0.0,0.0,12.78,2022-07-11 04:00:00
13349,0.0,0.0,0.0,0.0,0.0,12.78,2022-07-11 05:00:00
13350,0.0,0.0,0.0,0.0,0.0,12.78,2022-07-11 06:00:00
13351,0.0,0.0,0.0,0.0,0.0,12.78,2022-07-11 07:00:00
13352,0.0,0.0,0.0,0.0,0.0,12.78,2022-07-11 08:00:00
13353,0.0,0.0,0.0,0.0,0.0,12.78,2022-07-11 09:00:00
13354,0.0,0.0,0.0,0.0,0.0,12.79,2022-07-11 10:00:00
13355,0.0,0.0,0.0,0.0,0.0,12.8,2022-07-11 11:00:00
13356,0.0,0.0,0.0,0.0,0.0,12.79,2022-07-11 12:00:00
13357,0.0,0.0,0.0,0.0,0.0,12.8,2022-07-11 13:00:00
13358,0.0,0.0,0.0,0.0,0.0,12.81,2022-07-11 14:00:00
13359,0.0,0.0,0.0,0.0,0.0,12.8,2022-07-11 15:00:00
13360,0.0,0.0,0.0,0.0,0.0,12.79,2022-07-11 16:00:00
13361,0.0,0.0,0.0,0.0,0.0,12.8,2022-07-11 17:00:00
13362,1.0,0.0,0.0,0.0,0.0,12.81,2022-07-11 18:00:00
13363,0.0,0.0,0.0,0.0,0.0,12.8,2022-07-11 19:00:00
13364,0.0,0.0,0.0,0.0,0.0,12.79,2022-07-11 20:00:00
13365,0.0,0.0,0.0,0.0,0.0,12.8,2022-07-11 21:00:00
13366,0.0,0.0,0.0,0.0,0.0,12.79,2022-07-11 22:00:00
13367,0.0,0.0,0.0,0.0,0.0,12.8,2022-07-11 23:00:00
13368,0.0,0.0,0.0,0.0,0.0,12.42,2022-07-12 00:00:00
13369,0.0,0.0,0.0,0.0,0.0,12.4,2022-07-12 01:00:00
13370,0.0,0.0,0.0,0.0,0.0,12.39,2022-07-12 02:00:00
13371,0.0,0.0,0.0,0.0,0.0,12.37,2022-07-12 03:00:00
13372,0.0,0.0,0.0,0.0,0.0,12.36,2022-07-12 04:00:00
13373,0.0,0.0,0.0,0.0,0.0,12.35,2022-07-12 05:00:00
13374,0.0,0.0,0.0,0.0,0.0,12.35,2022-07-12 06:00:00
13375,0.0,0.0,0.0,0.0,0.0,12.34,2022-07-12 07:00:00
13376,0.0,0.0,0.0,0.0,0.0,12.34,2022-07-12 08:00:00
13377,0.0,0.0,0.0,0.0,0.0,12.35,2022-07-12 09:00:00
13378,0.0,0.0,0.0,0.0,0.0,12.35,2022-07-12 10:00:00
13379,0.0,0.0,0.0,0.0,0.0,12.36,2022-07-12 11:00:00
13380,0.0,0.0,0.0,0.0,0.0,12.37,2022-07-12 12:00:00
13381,0.0,0.0,0.0,0.0,0.0,12.39,2022-07-12 13:00:00
13382,0.0,0.0,0.0,0.0,0.0,12.39,2022-07-12 14:00:00
13383,0.0,0.0,0.0,0.0,0.0,12.39,2022-07-12 15:00:00
13384,0.0,0.0,0.0,0.0,0.0,12.39,2022-07-12 16:00:00
13385,0.0,0.0,0.0,0.0,0.0,12.39,2022-07-12 17:00:00
13386,0.0,0.0,0.0,0.0,0.0,12.4,2022-07-12 18:00:00
13387,0.0,0.0,0.0,0.0,0.0,12.4,2022-07-12 19:00:00
13388,0.0,0.0,0.0,0.0,0.0,12.4,2022-07-12 20:00:00
13389,0.0,0.0,0.0,0.0,0.0,12.4,2022-07-12 21:00:00
13390,0.0,0.0,0.0,0.0,0.0,12.4,2022-07-12 22:00:00
13391,0.0,0.0,0.0,0.0,0.0,12.4,2022-07-12 23:00:00
13392,0.0,0.0,8.0,0.0,47.0,11.69,2022-07-13 00:00:00
13393,0.0,0.0,1.0,0.0,2.0,11.77,2022-07-13 01:00:00
13394,0.0,0.0,0.0,0.0,0.0,11.84,2022-07-13 02:00:00
13395,0.0,0.0,0.0,0.0,0.0,12.09,2022-07-13 03:00:00
13396,1.0,2.0,0.0,0.0,0.0,12.1,2022-07-13 04:00:00
13397,0.0,0.0,1.0,0.0,0.0,12.1,2022-07-13 05:00:00
13398,2.0,8.0,3.0,0.0,0.0,12.03,2022-07-13 06:00:00
13399,1.0,1.0,2.0,0.0,1.0,12.04,2022-07-13 07:00:00
13400,0.0,0.0,0.0,0.0,0.0,12.04,2022-07-13 08:00:00
13401,0.0,0.0,0.0,0.0,0.0,12.04,2022-07-13 09:00:00
13402,0.0,0.0,0.0,0.0,0.0,11.98,2022-07-13 10:00:00
13403,1.0,0.0,0.0,0.0,0.0,11.98,2022-07-13 11:00:00
13404,0.0,0.0,0.0,0.0,0.0,11.93,2022-07-13 12:00:00
13405,0.0,0.0,0.0,0.0,0.0,11.88,2022-07-13 13:00:00
13406,0.0,0.0,0.0,0.0,0.0,11.84,2022-07-13 14:00:00
13407,0.0,0.0,0.0,0.0,0.0,11.81,2022-07-13 15:00:00
13408,0.0,0.0,1.0,0.0,0.0,11.78,2022-07-13 16:00:00
13409,0.0,1.0,1.0,0.0,0.0,11.78,2022-07-13 17:00:00
13410,0.0,0.0,1.0,0.0,0.0,11.76,2022-07-13 18:00:00
13411,0.0,0.0,0.0,0.0,0.0,11.76,2022-07-13 19:00:00
13412,0.0,0.0,0.0,0.0,0.0,11.74,2022-07-13 20:00:00
13413,0.0,0.0,0.0,0.0,0.0,11.71,2022-07-13 21:00:00
13414,0.0,0.0,0.0,0.0,0.0,11.69,2022-07-13 22:00:00
13415,0.0,0.0,0.0,0.0,0.0,11.69,2022-07-13 23:00:00
13416,0.0,0.0,0.0,0.0,0.0,11.67,2022-07-14 00:00:00
13417,0.0,0.0,0.0,0.0,0.0,11.65,2022-07-14 01:00:00
13418,0.0,0.0,0.0,0.0,0.0,11.64,2022-07-14 02:00:00
13419,0.0,0.0,0.0,0.0,0.0,11.63,2022-07-14 03:00:00
13420,0.0,0.0,0.0,0.0,0.0,11.61,2022-07-14 04:00:00
13421,0.0,0.0,0.0,0.0,0.0,11.61,2022-07-14 05:00:00
13422,0.0,0.0,0.0,0.0,0.0,11.61,2022-07-14 06:00:00
13423,0.0,0.0,0.0,0.0,0.0,11.62,2022-07-14 07:00:00
13424,0.0,0.0,0.0,0.0,0.0,11.66,2022-07-14 08:00:00
13425,0.0,0.0,0.0,0.0,0.0,11.71,2022-07-14 09:00:00
13426,0.0,0.0,0.0,0.0,0.0,11.71,2022-07-14 10:00:00
13427,0.0,0.0,0.0,0.0,0.0,11.73,2022-07-14 11:00:00
13428,0.0,0.0,0.0,0.0,0.0,11.73,2022-07-14 12:00:00
13429,0.0,0.0,0.0,0.0,0.0,11.67,2022-07-14 13:00:00
13430,0.0,0.0,0.0,0.0,0.0,11.67,2022-07-14 14:00:00
13431,0.0,0.0,0.0,0.0,0.0,11.61,2022-07-14 15:00:00
13432,0.0,0.0,0.0,0.0,0.0,11.57,2022-07-14 16:00:00
13433,0.0,0.0,1.0,0.0,0.0,11.49,2022-07-14 17:00:00
13434,0.0,0.0,1.0,0.0,0.0,11.49,2022-07-14 18:00:00
13435,0.0,0.0,0.0,0.0,0.0,11.49,2022-07-14 19:00:00
13436,0.0,0.0,0.0,0.0,0.0,11.5,2022-07-14 20:00:00
13437,0.0,0.0,0.0,0.0,0.0,11.5,2022-07-14 21:00:00
13438,0.0,0.0,0.0,0.0,0.0,11.51,2022-07-14 22:00:00
13439,0.0,0.0,0.0,0.0,0.0,11.5,2022-07-14 23:00:00
13440,0.0,0.0,0.0,0.0,0.0,11.5,2022-07-15 00:00:00
13441,0.0,0.0,0.0,0.0,0.0,11.49,2022-07-15 01:00:00
13442,0.0,0.0,0.0,0.0,0.0,11.5,2022-07-15 02:00:00
13443,0.0,0.0,0.0,0.0,0.0,11.49,2022-07-15 03:00:00
13444,0.0,0.0,0.0,0.0,0.0,11.5,2022-07-15 04:00:00
13445,0.0,0.0,0.0,0.0,0.0,11.51,2022-07-15 05:00:00
13446,0.0,0.0,0.0,0.0,0.0,11.53,2022-07-15 06:00:00
13447,0.0,0.0,0.0,0.0,0.0,11.57,2022-07-15 07:00:00
13448,0.0,0.0,0.0,0.0,0.0,11.6,2022-07-15 08:00:00
13449,0.0,0.0,0.0,0.0,0.0,11.6,2022-07-15 09:00:00
13450,0.0,0.0,0.0,0.0,0.0,11.69,2022-07-15 10:00:00
13451,0.0,0.0,0.0,0.0,0.0,11.71,2022-07-15 11:00:00
13452,0.0,0.0,0.0,0.0,0.0,11.72,2022-07-15 12:00:00
13453,0.0,0.0,0.0,0.0,0.0,11.72,2022-07-15 13:00:00
13454,0.0,0.0,0.0,0.0,0.0,11.69,2022-07-15 14:00:00
13455,0.0,0.0,0.0,0.0,0.0,11.65,2022-07-15 15:00:00
13456,0.0,0.0,0.0,0.0,0.0,11.58,2022-07-15 16:00:00
13457,0.0,0.0,0.0,0.0,0.0,11.51,2022-07-15 17:00:00
13458,0.0,0.0,0.0,0.0,0.0,11.51,2022-07-15 18:00:00
13459,0.0,0.0,0.0,0.0,0.0,11.48,2022-07-15 19:00:00
13460,0.0,0.0,0.0,0.0,0.0,11.48,2022-07-15 20:00:00
13461,0.0,0.0,0.0,0.0,0.0,11.44,2022-07-15 21:00:00
13462,0.0,0.0,0.0,14.0,6.0,11.88,2022-07-15 22:00:00
13463,0.0,0.0,0.0,8.0,26.0,12.08,2022-07-15 23:00:00
13464,0.0,0.0,0.0,0.0,1.0,12.08,2022-07-16 00:00:00
13465,0.0,0.0,0.0,0.0,0.0,12.33,2022-07-16 01:00:00
13466,0.0,0.0,0.0,0.0,0.0,12.33,2022-07-16 02:00:00
13467,0.0,0.0,0.0,0.0,0.0,12.26,2022-07-16 03:00:00
13468,0.0,0.0,0.0,0.0,0.0,12.11,2022-07-16 04:00:00
13469,0.0,0.0,0.0,0.0,0.0,11.97,2022-07-16 05:00:00
13470,0.0,0.0,0.0,0.0,0.0,11.84,2022-07-16 06:00:00
13471,0.0,0.0,0.0,0.0,0.0,11.74,2022-07-16 07:00:00
13472,0.0,0.0,0.0,0.0,0.0,11.69,2022-07-16 08:00:00
13473,0.0,0.0,0.0,0.0,0.0,11.68,2022-07-16 09:00:00
13474,0.0,0.0,0.0,0.0,0.0,11.7,2022-07-16 10:00:00
13475,0.0,0.0,0.0,0.0,0.0,11.71,2022-07-16 11:00:00
13476,0.0,0.0,0.0,0.0,0.0,11.75,2022-07-16 12:00:00
13477,0.0,0.0,0.0,0.0,0.0,11.74,2022-07-16 13:00:00
13478,0.0,0.0,0.0,0.0,0.0,11.74,2022-07-16 14:00:00
13479,0.0,0.0,1.0,0.0,0.0,11.71,2022-07-16 15:00:00
13480,0.0,0.0,0.0,0.0,1.0,11.76,2022-07-16 16:00:00
13481,0.0,0.0,0.0,0.0,0.0,12.11,2022-07-16 17:00:00
13482,0.0,0.0,0.0,0.0,0.0,11.89,2022-07-16 18:00:00
13483,0.0,0.0,3.0,16.0,24.0,11.73,2022-07-16 19:00:00
13484,14.0,1.0,0.0,35.0,20.0,13.12,2022-07-16 20:00:00
13485,0.0,0.0,0.0,15.0,0.0,13.69,2022-07-16 21:00:00
13486,0.0,0.0,0.0,0.0,0.0,13.8,2022-07-16 22:00:00
13487,0.0,0.0,0.0,0.0,1.0,13.52,2022-07-16 23:00:00
13488,0.0,0.0,1.0,0.0,0.0,13.16,2022-07-17 00:00:00
13489,0.0,0.0,0.0,0.0,0.0,12.47,2022-07-17 01:00:00
13490,0.0,0.0,0.0,0.0,0.0,12.47,2022-07-17 02:00:00
13491,0.0,0.0,0.0,0.0,0.0,12.21,2022-07-17 03:00:00
13492,1.0,0.0,0.0,0.0,0.0,12.02,2022-07-17 04:00:00
13493,0.0,0.0,0.0,0.0,0.0,11.9,2022-07-17 05:00:00
13494,0.0,0.0,0.0,0.0,0.0,11.83,2022-07-17 06:00:00
13495,0.0,0.0,0.0,0.0,0.0,11.77,2022-07-17 07:00:00
13496,0.0,0.0,0.0,0.0,0.0,11.77,2022-07-17 08:00:00
13497,0.0,0.0,0.0,0.0,0.0,11.77,2022-07-17 09:00:00
13498,0.0,0.0,0.0,0.0,0.0,11.77,2022-07-17 10:00:00
13499,0.0,0.0,0.0,0.0,0.0,11.79,2022-07-17 11:00:00
13500,0.0,0.0,0.0,0.0,0.0,11.79,2022-07-17 12:00:00
13501,0.0,0.0,0.0,0.0,0.0,11.8,2022-07-17 13:00:00
13502,0.0,0.0,0.0,0.0,0.0,11.78,2022-07-17 14:00:00
13503,0.0,0.0,0.0,0.0,0.0,11.78,2022-07-17 15:00:00
13504,0.0,0.0,4.0,0.0,0.0,11.75,2022-07-17 16:00:00
13505,5.0,14.0,30.0,1.0,1.0,11.69,2022-07-17 17:00:00
13506,2.0,3.0,1.0,1.0,3.0,11.66,2022-07-17 18:00:00
13507,0.0,0.0,0.0,0.0,0.0,11.67,2022-07-17 19:00:00
13508,0.0,0.0,0.0,0.0,0.0,11.67,2022-07-17 20:00:00
13509,0.0,0.0,0.0,0.0,0.0,11.68,2022-07-17 21:00:00
13510,0.0,0.0,0.0,0.0,0.0,11.69,2022-07-17 22:00:00
13511,0.0,0.0,0.0,0.0,0.0,11.79,2022-07-17 23:00:00
13512,0.0,0.0,0.0,0.0,0.0,11.81,2022-07-18 00:00:00
13513,0.0,0.0,0.0,0.0,0.0,11.81,2022-07-18 01:00:00
13514,0.0,0.0,0.0,0.0,0.0,11.81,2022-07-18 02:00:00
13515,0.0,0.0,0.0,0.0,0.0,11.82,2022-07-18 03:00:00
13516,0.0,0.0,0.0,0.0,0.0,11.8,2022-07-18 04:00:00
13517,0.0,0.0,0.0,0.0,0.0,11.79,2022-07-18 05:00:00
13518,0.0,0.0,0.0,0.0,0.0,11.76,2022-07-18 06:00:00
13519,0.0,0.0,0.0,0.0,0.0,11.74,2022-07-18 07:00:00
13520,0.0,0.0,1.0,0.0,0.0,11.73,2022-07-18 08:00:00
13521,0.0,0.0,0.0,0.0,0.0,11.73,2022-07-18 09:00:00
13522,0.0,0.0,0.0,0.0,0.0,11.72,2022-07-18 10:00:00
13523,0.0,0.0,0.0,0.0,0.0,11.77,2022-07-18 11:00:00
13524,1.0,0.0,0.0,1.0,0.0,11.77,2022-07-18 12:00:00
13525,0.0,0.0,0.0,0.0,0.0,11.76,2022-07-18 13:00:00
13526,0.0,0.0,0.0,0.0,0.0,11.76,2022-07-18 14:00:00
13527,0.0,0.0,0.0,0.0,0.0,11.76,2022-07-18 15:00:00
13528,0.0,1.0,0.0,6.0,0.0,11.78,2022-07-18 16:00:00
13529,1.0,3.0,0.0,5.0,5.0,11.94,2022-07-18 17:00:00
13530,0.0,0.0,0.0,0.0,0.0,12.1,2022-07-18 18:00:00
13531,1.0,1.0,2.0,1.0,1.0,12.08,2022-07-18 19:00:00
13532,0.0,0.0,1.0,0.0,1.0,11.99,2022-07-18 20:00:00
13533,0.0,0.0,0.0,0.0,0.0,11.9,2022-07-18 21:00:00
13534,1.0,1.0,0.0,0.0,0.0,11.78,2022-07-18 22:00:00
13535,0.0,0.0,0.0,0.0,0.0,11.76,2022-07-18 23:00:00
13536,0.0,0.0,0.0,1.0,0.0,11.74,2022-07-19 00:00:00
13537,0.0,0.0,0.0,0.0,0.0,11.74,2022-07-19 01:00:00
13538,0.0,0.0,0.0,0.0,0.0,11.73,2022-07-19 02:00:00
13539,0.0,0.0,0.0,0.0,0.0,11.72,2022-07-19 03:00:00
13540,0.0,0.0,0.0,0.0,0.0,11.69,2022-07-19 04:00:00
13541,0.0,0.0,0.0,0.0,0.0,11.66,2022-07-19 05:00:00
13542,0.0,0.0,0.0,0.0,0.0,11.64,2022-07-19 06:00:00
13543,0.0,0.0,0.0,0.0,0.0,11.64,2022-07-19 07:00:00
13544,0.0,0.0,0.0,0.0,0.0,11.65,2022-07-19 08:00:00
13545,0.0,0.0,0.0,0.0,0.0,11.65,2022-07-19 09:00:00
13546,0.0,0.0,0.0,0.0,0.0,11.67,2022-07-19 10:00:00
13547,0.0,0.0,0.0,0.0,0.0,11.69,2022-07-19 11:00:00
13548,0.0,0.0,0.0,0.0,0.0,11.7,2022-07-19 12:00:00
13549,0.0,0.0,0.0,0.0,0.0,11.7,2022-07-19 13:00:00
13550,0.0,0.0,0.0,0.0,0.0,11.7,2022-07-19 14:00:00
13551,0.0,0.0,0.0,0.0,0.0,11.71,2022-07-19 15:00:00
13552,0.0,0.0,0.0,0.0,0.0,11.71,2022-07-19 16:00:00
13553,0.0,0.0,0.0,0.0,0.0,11.7,2022-07-19 17:00:00
13554,0.0,0.0,0.0,0.0,0.0,11.68,2022-07-19 18:00:00
13555,0.0,0.0,0.0,0.0,0.0,11.65,2022-07-19 19:00:00
13556,0.0,0.0,0.0,0.0,0.0,11.64,2022-07-19 20:00:00
13557,0.0,0.0,0.0,0.0,0.0,11.61,2022-07-19 21:00:00
13558,0.0,0.0,0.0,0.0,0.0,11.6,2022-07-19 22:00:00
13559,0.0,0.0,0.0,0.0,0.0,11.59,2022-07-19 23:00:00
13560,0.0,0.0,0.0,0.0,0.0,11.59,2022-07-20 00:00:00
13561,0.0,0.0,0.0,0.0,0.0,11.58,2022-07-20 01:00:00
13562,0.0,0.0,0.0,0.0,0.0,11.57,2022-07-20 02:00:00
13563,0.0,0.0,1.0,0.0,0.0,11.57,2022-07-20 03:00:00
13564,0.0,0.0,0.0,0.0,0.0,11.57,2022-07-20 04:00:00
13565,0.0,0.0,0.0,0.0,0.0,11.57,2022-07-20 05:00:00
13566,0.0,0.0,0.0,0.0,0.0,11.56,2022-07-20 06:00:00
13567,0.0,0.0,0.0,0.0,0.0,11.56,2022-07-20 07:00:00
13568,0.0,0.0,0.0,0.0,0.0,11.56,2022-07-20 08:00:00
13569,0.0,0.0,0.0,0.0,0.0,11.55,2022-07-20 09:00:00
13570,0.0,0.0,0.0,0.0,0.0,11.55,2022-07-20 10:00:00
13571,0.0,0.0,1.0,0.0,0.0,11.58,2022-07-20 11:00:00
13572,0.0,0.0,0.0,0.0,0.0,11.58,2022-07-20 12:00:00
13573,0.0,0.0,0.0,0.0,0.0,11.58,2022-07-20 13:00:00
13574,0.0,0.0,0.0,0.0,0.0,11.58,2022-07-20 14:00:00
13575,0.0,0.0,0.0,0.0,0.0,11.6,2022-07-20 15:00:00
13576,0.0,0.0,0.0,0.0,0.0,11.6,2022-07-20 16:00:00
13577,0.0,0.0,0.0,0.0,0.0,11.6,2022-07-20 17:00:00
13578,0.0,0.0,2.0,0.0,0.0,11.6,2022-07-20 18:00:00
13579,0.0,0.0,0.0,0.0,0.0,11.54,2022-07-20 19:00:00
13580,0.0,0.0,0.0,0.0,0.0,11.54,2022-07-20 20:00:00
13581,0.0,0.0,0.0,0.0,0.0,11.54,2022-07-20 21:00:00
13582,2.0,2.0,1.0,1.0,0.0,11.54,2022-07-20 22:00:00
13583,0.0,1.0,0.0,1.0,0.0,11.54,2022-07-20 23:00:00
13584,0.0,0.0,1.0,0.0,0.0,11.54,2022-07-21 00:00:00
13585,0.0,0.0,0.0,0.0,0.0,11.53,2022-07-21 01:00:00
13586,0.0,0.0,1.0,0.0,0.0,11.54,2022-07-21 02:00:00
13587,0.0,0.0,0.0,1.0,0.0,11.54,2022-07-21 03:00:00
13588,0.0,0.0,0.0,0.0,0.0,11.53,2022-07-21 04:00:00
13589,0.0,15.0,4.0,0.0,1.0,11.53,2022-07-21 05:00:00
13590,13.0,15.0,17.0,6.0,9.0,11.62,2022-07-21 06:00:00
13591,2.0,2.0,2.0,4.0,22.0,11.62,2022-07-21 07:00:00
13592,0.0,0.0,1.0,0.0,3.0,11.94,2022-07-21 08:00:00
13593,1.0,1.0,0.0,1.0,0.0,12.07,2022-07-21 09:00:00
13594,0.0,0.0,0.0,1.0,0.0,12.11,2022-07-21 10:00:00
13595,0.0,0.0,0.0,0.0,0.0,12.05,2022-07-21 11:00:00
13596,0.0,0.0,0.0,0.0,0.0,12.05,2022-07-21 12:00:00
13597,0.0,0.0,0.0,0.0,0.0,11.93,2022-07-21 13:00:00
13598,0.0,0.0,0.0,0.0,0.0,11.94,2022-07-21 14:00:00
13599,1.0,1.0,3.0,1.0,1.0,11.98,2022-07-21 15:00:00
13600,2.0,1.0,1.0,1.0,1.0,12.0,2022-07-21 16:00:00
13601,0.0,0.0,0.0,0.0,0.0,12.0,2022-07-21 17:00:00
13602,0.0,0.0,0.0,0.0,0.0,11.99,2022-07-21 18:00:00
13603,0.0,0.0,0.0,0.0,0.0,11.99,2022-07-21 19:00:00
13604,0.0,0.0,0.0,0.0,0.0,11.96,2022-07-21 20:00:00
13605,0.0,0.0,0.0,0.0,0.0,11.91,2022-07-21 21:00:00
13606,0.0,0.0,0.0,0.0,0.0,11.91,2022-07-21 22:00:00
13607,0.0,0.0,0.0,0.0,0.0,11.88,2022-07-21 23:00:00
13608,0.0,0.0,0.0,0.0,0.0,11.84,2022-07-22 00:00:00
13609,0.0,0.0,0.0,0.0,0.0,11.82,2022-07-22 01:00:00
13610,0.0,0.0,0.0,0.0,0.0,11.77,2022-07-22 02:00:00
13611,0.0,0.0,0.0,1.0,0.0,11.77,2022-07-22 03:00:00
13612,0.0,0.0,0.0,0.0,0.0,11.74,2022-07-22 04:00:00
13613,0.0,0.0,0.0,0.0,0.0,11.71,2022-07-22 05:00:00
13614,0.0,0.0,0.0,0.0,0.0,11.71,2022-07-22 06:00:00
13615,0.0,0.0,0.0,0.0,0.0,11.7,2022-07-22 07:00:00
13616,0.0,0.0,0.0,0.0,0.0,11.68,2022-07-22 08:00:00
13617,0.0,0.0,0.0,0.0,0.0,11.67,2022-07-22 09:00:00
13618,0.0,0.0,0.0,0.0,0.0,11.66,2022-07-22 10:00:00
13619,0.0,0.0,0.0,0.0,0.0,11.68,2022-07-22 11:00:00
13620,0.0,7.0,0.0,0.0,0.0,11.68,2022-07-22 12:00:00
13621,0.0,0.0,0.0,0.0,0.0,11.68,2022-07-22 13:00:00
13622,1.0,0.0,0.0,0.0,0.0,11.66,2022-07-22 14:00:00
13623,1.0,1.0,0.0,1.0,1.0,11.66,2022-07-22 15:00:00
13624,0.0,0.0,0.0,0.0,0.0,11.7,2022-07-22 16:00:00
13625,0.0,0.0,0.0,0.0,0.0,11.73,2022-07-22 17:00:00
13626,0.0,0.0,0.0,0.0,0.0,11.72,2022-07-22 18:00:00
13627,0.0,0.0,0.0,0.0,0.0,11.7,2022-07-22 19:00:00
13628,0.0,0.0,0.0,0.0,0.0,11.67,2022-07-22 20:00:00
13629,0.0,0.0,0.0,0.0,0.0,11.65,2022-07-22 21:00:00
13630,0.0,0.0,0.0,0.0,0.0,11.61,2022-07-22 22:00:00
13631,0.0,0.0,0.0,0.0,0.0,11.61,2022-07-22 23:00:00
13632,0.0,0.0,0.0,0.0,0.0,11.61,2022-07-23 00:00:00
13633,0.0,0.0,0.0,0.0,0.0,11.61,2022-07-23 01:00:00
13634,0.0,0.0,0.0,0.0,0.0,11.61,2022-07-23 02:00:00
13635,0.0,0.0,0.0,0.0,0.0,11.59,2022-07-23 03:00:00
13636,0.0,0.0,0.0,0.0,0.0,11.58,2022-07-23 04:00:00
13637,0.0,0.0,0.0,0.0,0.0,11.59,2022-07-23 05:00:00
13638,0.0,0.0,0.0,0.0,0.0,11.61,2022-07-23 06:00:00
13639,0.0,0.0,0.0,0.0,0.0,11.61,2022-07-23 07:00:00
13640,0.0,0.0,0.0,0.0,0.0,11.6,2022-07-23 08:00:00
13641,0.0,0.0,0.0,0.0,0.0,11.6,2022-07-23 09:00:00
13642,0.0,0.0,0.0,0.0,0.0,11.6,2022-07-23 10:00:00
13643,0.0,0.0,0.0,0.0,0.0,11.6,2022-07-23 11:00:00
13644,0.0,0.0,0.0,0.0,0.0,11.6,2022-07-23 12:00:00
13645,0.0,0.0,0.0,7.0,0.0,11.6,2022-07-23 13:00:00
13646,0.0,0.0,0.0,5.0,0.0,11.67,2022-07-23 14:00:00
13647,4.0,4.0,0.0,0.0,3.0,11.67,2022-07-23 15:00:00
13648,0.0,0.0,0.0,10.0,0.0,11.7,2022-07-23 16:00:00
13649,0.0,0.0,1.0,1.0,0.0,12.09,2022-07-23 17:00:00
13650,0.0,0.0,0.0,0.0,0.0,12.08,2022-07-23 18:00:00
13651,0.0,0.0,0.0,0.0,0.0,12.08,2022-07-23 19:00:00
13652,0.0,0.0,0.0,0.0,0.0,11.95,2022-07-23 20:00:00
13653,0.0,0.0,0.0,0.0,0.0,11.77,2022-07-23 21:00:00
13654,0.0,0.0,0.0,0.0,0.0,11.72,2022-07-23 22:00:00
13655,0.0,0.0,0.0,0.0,0.0,11.72,2022-07-23 23:00:00
13656,0.0,0.0,0.0,0.0,0.0,11.67,2022-07-24 00:00:00
13657,0.0,0.0,0.0,0.0,0.0,11.65,2022-07-24 01:00:00
13658,0.0,0.0,0.0,0.0,0.0,11.65,2022-07-24 02:00:00
13659,0.0,0.0,0.0,0.0,0.0,11.63,2022-07-24 03:00:00
13660,0.0,0.0,0.0,0.0,0.0,11.61,2022-07-24 04:00:00
13661,0.0,0.0,0.0,0.0,0.0,11.62,2022-07-24 05:00:00
13662,0.0,0.0,0.0,0.0,0.0,11.62,2022-07-24 06:00:00
13663,0.0,0.0,0.0,0.0,0.0,11.62,2022-07-24 07:00:00
13664,0.0,0.0,0.0,0.0,0.0,11.63,2022-07-24 08:00:00
13665,0.0,0.0,0.0,0.0,0.0,11.61,2022-07-24 09:00:00
13666,0.0,0.0,0.0,0.0,0.0,11.6,2022-07-24 10:00:00
13667,0.0,0.0,0.0,0.0,0.0,11.6,2022-07-24 11:00:00
13668,0.0,0.0,0.0,0.0,0.0,11.6,2022-07-24 12:00:00
13669,0.0,0.0,0.0,0.0,0.0,11.59,2022-07-24 13:00:00
13670,0.0,0.0,0.0,0.0,0.0,11.59,2022-07-24 14:00:00
13671,1.0,0.0,0.0,0.0,0.0,11.56,2022-07-24 15:00:00
13672,0.0,1.0,0.0,0.0,0.0,11.56,2022-07-24 16:00:00
13673,0.0,0.0,0.0,0.0,0.0,11.53,2022-07-24 17:00:00
13674,0.0,0.0,0.0,0.0,0.0,11.53,2022-07-24 18:00:00
13675,0.0,0.0,0.0,0.0,0.0,11.53,2022-07-24 19:00:00
13676,0.0,0.0,0.0,0.0,0.0,11.54,2022-07-24 20:00:00
13677,0.0,0.0,0.0,0.0,0.0,11.54,2022-07-24 21:00:00
13678,0.0,0.0,0.0,0.0,0.0,11.55,2022-07-24 22:00:00
13679,0.0,0.0,0.0,0.0,0.0,11.53,2022-07-24 23:00:00
13680,0.0,0.0,0.0,0.0,0.0,11.53,2022-07-25 00:00:00
13681,0.0,0.0,0.0,0.0,0.0,11.55,2022-07-25 01:00:00
13682,0.0,0.0,0.0,0.0,0.0,11.54,2022-07-25 02:00:00
13683,0.0,0.0,0.0,0.0,0.0,11.53,2022-07-25 03:00:00
13684,0.0,0.0,0.0,0.0,0.0,11.56,2022-07-25 04:00:00
13685,0.0,0.0,0.0,0.0,0.0,11.56,2022-07-25 05:00:00
13686,0.0,0.0,0.0,0.0,0.0,11.58,2022-07-25 06:00:00
13687,0.0,0.0,0.0,0.0,0.0,11.59,2022-07-25 07:00:00
13688,0.0,0.0,0.0,0.0,0.0,11.6,2022-07-25 08:00:00
13689,0.0,0.0,0.0,0.0,0.0,11.59,2022-07-25 09:00:00
13690,0.0,0.0,0.0,0.0,0.0,11.58,2022-07-25 10:00:00
13691,0.0,0.0,0.0,0.0,0.0,11.56,2022-07-25 11:00:00
13692,0.0,0.0,0.0,0.0,0.0,11.55,2022-07-25 12:00:00
13693,0.0,8.0,0.0,0.0,0.0,11.73,2022-07-25 13:00:00
13694,25.0,9.0,0.0,1.0,0.0,11.69,2022-07-25 14:00:00
13695,8.0,2.0,0.0,0.0,0.0,11.79,2022-07-25 15:00:00
13696,0.0,0.0,0.0,0.0,0.0,11.75,2022-07-25 16:00:00
13697,0.0,0.0,0.0,0.0,0.0,11.69,2022-07-25 17:00:00
13698,0.0,0.0,0.0,0.0,0.0,11.72,2022-07-25 18:00:00
13699,0.0,0.0,0.0,0.0,0.0,11.7,2022-07-25 19:00:00
13700,0.0,0.0,0.0,0.0,0.0,11.57,2022-07-25 20:00:00
13701,0.0,0.0,0.0,0.0,0.0,11.55,2022-07-25 21:00:00
13702,0.0,0.0,0.0,0.0,0.0,11.55,2022-07-25 22:00:00
13703,0.0,0.0,0.0,0.0,0.0,11.54,2022-07-25 23:00:00
13704,0.0,0.0,0.0,0.0,0.0,11.53,2022-07-26 00:00:00
13705,0.0,0.0,0.0,0.0,0.0,11.54,2022-07-26 01:00:00
13706,0.0,0.0,0.0,0.0,0.0,11.54,2022-07-26 02:00:00
13707,0.0,0.0,0.0,0.0,0.0,11.52,2022-07-26 03:00:00
13708,0.0,0.0,0.0,0.0,0.0,11.54,2022-07-26 04:00:00
13709,0.0,0.0,0.0,0.0,0.0,11.55,2022-07-26 05:00:00
13710,0.0,0.0,0.0,0.0,0.0,11.55,2022-07-26 06:00:00
13711,0.0,0.0,0.0,0.0,0.0,11.61,2022-07-26 07:00:00
13712,0.0,0.0,0.0,0.0,0.0,11.61,2022-07-26 08:00:00
13713,0.0,0.0,0.0,0.0,0.0,11.63,2022-07-26 09:00:00
13714,0.0,0.0,0.0,0.0,0.0,11.63,2022-07-26 10:00:00
13715,0.0,0.0,0.0,0.0,0.0,11.62,2022-07-26 11:00:00
13716,0.0,0.0,0.0,0.0,0.0,11.6,2022-07-26 12:00:00
13717,0.0,0.0,0.0,0.0,0.0,11.57,2022-07-26 13:00:00
13718,5.0,15.0,4.0,0.0,0.0,11.56,2022-07-26 14:00:00
13719,6.0,6.0,2.0,1.0,0.0,11.58,2022-07-26 15:00:00
13720,0.0,0.0,0.0,1.0,1.0,11.6,2022-07-26 16:00:00
13721,0.0,0.0,0.0,0.0,0.0,11.56,2022-07-26 17:00:00
13722,0.0,0.0,0.0,0.0,0.0,11.65,2022-07-26 18:00:00
13723,0.0,0.0,0.0,0.0,0.0,11.65,2022-07-26 19:00:00
13724,0.0,0.0,0.0,0.0,0.0,11.62,2022-07-26 20:00:00
13725,0.0,0.0,0.0,0.0,0.0,11.57,2022-07-26 21:00:00
13726,0.0,0.0,0.0,0.0,0.0,11.54,2022-07-26 22:00:00
13727,0.0,0.0,0.0,0.0,0.0,11.55,2022-07-26 23:00:00
13728,0.0,0.0,0.0,0.0,0.0,11.57,2022-07-27 00:00:00
13729,0.0,0.0,0.0,0.0,0.0,11.59,2022-07-27 01:00:00
13730,0.0,0.0,0.0,0.0,0.0,11.6,2022-07-27 02:00:00
13731,0.0,0.0,0.0,0.0,0.0,11.62,2022-07-27 03:00:00
13732,0.0,0.0,0.0,0.0,0.0,11.65,2022-07-27 04:00:00
13733,0.0,0.0,0.0,0.0,0.0,11.65,2022-07-27 05:00:00
13734,0.0,0.0,0.0,0.0,0.0,11.68,2022-07-27 06:00:00
13735,0.0,0.0,0.0,0.0,0.0,11.7,2022-07-27 07:00:00
13736,0.0,0.0,0.0,0.0,0.0,11.7,2022-07-27 08:00:00
13737,0.0,0.0,0.0,0.0,0.0,11.7,2022-07-27 09:00:00
13738,0.0,0.0,0.0,0.0,0.0,11.71,2022-07-27 10:00:00
13739,0.0,0.0,0.0,0.0,0.0,11.71,2022-07-27 11:00:00
13740,0.0,0.0,0.0,0.0,0.0,11.68,2022-07-27 12:00:00
13741,0.0,0.0,0.0,0.0,0.0,11.64,2022-07-27 13:00:00
13742,0.0,0.0,0.0,0.0,0.0,11.61,2022-07-27 14:00:00
13743,0.0,0.0,0.0,0.0,0.0,11.61,2022-07-27 15:00:00
13744,0.0,0.0,0.0,0.0,0.0,11.61,2022-07-27 16:00:00
13745,0.0,0.0,0.0,0.0,6.0,11.56,2022-07-27 17:00:00
13746,0.0,0.0,0.0,0.0,3.0,11.56,2022-07-27 18:00:00
13747,0.0,2.0,0.0,0.0,0.0,11.52,2022-07-27 19:00:00
13748,0.0,0.0,0.0,0.0,10.0,11.52,2022-07-27 20:00:00
13749,3.0,0.0,0.0,0.0,0.0,11.54,2022-07-27 21:00:00
13750,0.0,0.0,0.0,0.0,0.0,11.64,2022-07-27 22:00:00
13751,0.0,0.0,0.0,0.0,0.0,11.64,2022-07-27 23:00:00
13752,0.0,0.0,0.0,0.0,0.0,11.66,2022-07-28 00:00:00
13753,0.0,0.0,0.0,0.0,0.0,11.64,2022-07-28 01:00:00
13754,0.0,0.0,0.0,0.0,0.0,11.61,2022-07-28 02:00:00
13755,0.0,0.0,0.0,0.0,0.0,11.6,2022-07-28 03:00:00
13756,0.0,0.0,0.0,0.0,0.0,11.6,2022-07-28 04:00:00
13757,0.0,0.0,0.0,0.0,0.0,11.6,2022-07-28 05:00:00
13758,0.0,0.0,0.0,0.0,0.0,11.59,2022-07-28 06:00:00
13759,0.0,0.0,0.0,0.0,0.0,11.6,2022-07-28 07:00:00
13760,0.0,0.0,0.0,0.0,0.0,11.63,2022-07-28 08:00:00
13761,0.0,0.0,0.0,0.0,0.0,11.63,2022-07-28 09:00:00
13762,0.0,0.0,0.0,0.0,0.0,11.67,2022-07-28 10:00:00
13763,0.0,0.0,0.0,0.0,0.0,11.68,2022-07-28 11:00:00
13764,0.0,0.0,0.0,0.0,0.0,11.65,2022-07-28 12:00:00
13765,0.0,0.0,0.0,0.0,0.0,11.65,2022-07-28 13:00:00
13766,0.0,0.0,0.0,0.0,0.0,11.6,2022-07-28 14:00:00
13767,0.0,0.0,0.0,0.0,0.0,11.59,2022-07-28 15:00:00
13768,0.0,0.0,0.0,0.0,0.0,11.59,2022-07-28 16:00:00
13769,0.0,0.0,0.0,0.0,0.0,11.58,2022-07-28 17:00:00
13770,0.0,0.0,1.0,0.0,0.0,11.57,2022-07-28 18:00:00
13771,1.0,0.0,2.0,1.0,1.0,11.57,2022-07-28 19:00:00
13772,1.0,5.0,3.0,1.0,0.0,11.59,2022-07-28 20:00:00
13773,0.0,0.0,15.0,0.0,1.0,11.6,2022-07-28 21:00:00
13774,2.0,1.0,2.0,0.0,1.0,11.59,2022-07-28 22:00:00
13775,0.0,0.0,3.0,0.0,0.0,11.61,2022-07-28 23:00:00
13776,0.0,0.0,0.0,0.0,0.0,11.61,2022-07-29 00:00:00
13777,0.0,0.0,0.0,0.0,1.0,11.67,2022-07-29 01:00:00
13778,0.0,0.0,0.0,0.0,0.0,11.68,2022-07-29 02:00:00
13779,0.0,0.0,0.0,0.0,0.0,11.69,2022-07-29 03:00:00
13780,0.0,0.0,0.0,0.0,0.0,11.69,2022-07-29 04:00:00
13781,0.0,0.0,0.0,0.0,0.0,11.87,2022-07-29 05:00:00
13782,0.0,0.0,0.0,0.0,0.0,11.95,2022-07-29 06:00:00
13783,0.0,0.0,0.0,0.0,0.0,11.95,2022-07-29 07:00:00
13784,0.0,0.0,0.0,0.0,0.0,12.02,2022-07-29 08:00:00
13785,0.0,0.0,0.0,0.0,0.0,12.02,2022-07-29 09:00:00
13786,0.0,0.0,0.0,0.0,0.0,12.0,2022-07-29 10:00:00
13787,0.0,0.0,0.0,0.0,0.0,11.99,2022-07-29 11:00:00
13788,0.0,0.0,0.0,0.0,0.0,11.97,2022-07-29 12:00:00
13789,0.0,0.0,0.0,0.0,0.0,11.92,2022-07-29 13:00:00
13790,0.0,0.0,0.0,0.0,0.0,11.9,2022-07-29 14:00:00
13791,0.0,0.0,0.0,0.0,0.0,11.84,2022-07-29 15:00:00
13792,0.0,0.0,0.0,0.0,0.0,11.81,2022-07-29 16:00:00
13793,0.0,0.0,0.0,0.0,0.0,11.78,2022-07-29 17:00:00
13794,0.0,0.0,0.0,0.0,0.0,11.76,2022-07-29 18:00:00
13795,0.0,0.0,0.0,0.0,0.0,11.74,2022-07-29 19:00:00
13796,0.0,0.0,0.0,0.0,0.0,11.73,2022-07-29 20:00:00
13797,0.0,1.0,0.0,0.0,0.0,11.76,2022-07-29 21:00:00
13798,1.0,2.0,0.0,3.0,0.0,11.77,2022-07-29 22:00:00
13799,0.0,0.0,0.0,0.0,1.0,11.77,2022-07-29 23:00:00
13800,0.0,0.0,0.0,0.0,1.0,11.74,2022-07-30 00:00:00
13801,0.0,0.0,0.0,0.0,0.0,11.7,2022-07-30 01:00:00
13802,0.0,0.0,0.0,0.0,0.0,11.7,2022-07-30 02:00:00
13803,0.0,0.0,0.0,0.0,0.0,11.7,2022-07-30 03:00:00
13804,0.0,0.0,0.0,2.0,0.0,11.7,2022-07-30 04:00:00
13805,0.0,0.0,0.0,1.0,0.0,11.71,2022-07-30 05:00:00
13806,1.0,0.0,0.0,3.0,0.0,11.77,2022-07-30 06:00:00
13807,1.0,1.0,1.0,0.0,0.0,11.91,2022-07-30 07:00:00
13808,1.0,0.0,2.0,5.0,0.0,11.94,2022-07-30 08:00:00
13809,1.0,0.0,0.0,2.0,0.0,11.91,2022-07-30 09:00:00
13810,0.0,0.0,1.0,1.0,0.0,11.88,2022-07-30 10:00:00
13811,0.0,1.0,2.0,0.0,1.0,11.85,2022-07-30 11:00:00
13812,6.0,15.0,0.0,0.0,1.0,11.83,2022-07-30 12:00:00
13813,7.0,14.0,25.0,4.0,8.0,12.09,2022-07-30 13:00:00
13814,7.0,4.0,7.0,2.0,5.0,13.0,2022-07-30 14:00:00
13815,5.0,4.0,2.0,2.0,0.0,13.0,2022-07-30 15:00:00
13816,10.0,1.0,0.0,5.0,3.0,13.23,2022-07-30 16:00:00
13817,24.0,15.0,11.0,21.0,5.0,13.38,2022-07-30 17:00:00
13818,3.0,3.0,2.0,5.0,2.0,13.38,2022-07-30 18:00:00
13819,1.0,0.0,0.0,2.0,2.0,13.17,2022-07-30 19:00:00
13820,0.0,0.0,0.0,0.0,0.0,13.04,2022-07-30 20:00:00
13821,0.0,0.0,0.0,0.0,0.0,12.96,2022-07-30 21:00:00
13822,0.0,0.0,0.0,0.0,0.0,12.9,2022-07-30 22:00:00
13823,0.0,0.0,0.0,0.0,0.0,12.9,2022-07-30 23:00:00
13824,0.0,0.0,0.0,0.0,0.0,12.89,2022-07-31 00:00:00
13825,0.0,0.0,0.0,0.0,0.0,12.88,2022-07-31 01:00:00
13826,0.0,0.0,0.0,2.0,3.0,12.97,2022-07-31 02:00:00
13827,0.0,0.0,0.0,1.0,0.0,12.9,2022-07-31 03:00:00
13828,0.0,0.0,0.0,0.0,0.0,12.8,2022-07-31 04:00:00
13829,0.0,0.0,0.0,0.0,0.0,12.7,2022-07-31 05:00:00
13830,0.0,0.0,0.0,0.0,0.0,12.6,2022-07-31 06:00:00
13831,0.0,0.0,0.0,0.0,0.0,12.51,2022-07-31 07:00:00
13832,0.0,0.0,0.0,0.0,0.0,12.51,2022-07-31 08:00:00
13833,0.0,0.0,0.0,0.0,0.0,12.38,2022-07-31 09:00:00
13834,0.0,0.0,0.0,0.0,0.0,12.33,2022-07-31 10:00:00
13835,0.0,0.0,0.0,0.0,0.0,12.29,2022-07-31 11:00:00
13836,8.0,8.0,0.0,0.0,0.0,12.27,2022-07-31 12:00:00
13837,0.0,0.0,1.0,0.0,0.0,12.25,2022-07-31 13:00:00
13838,16.0,9.0,1.0,0.0,23.0,12.28,2022-07-31 14:00:00
13839,2.0,1.0,1.0,0.0,1.0,12.39,2022-07-31 15:00:00
13840,5.0,0.0,1.0,1.0,3.0,12.57,2022-07-31 16:00:00
13841,1.0,0.0,0.0,1.0,7.0,12.73,2022-07-31 17:00:00
13842,0.0,0.0,0.0,0.0,0.0,12.85,2022-07-31 18:00:00
13843,0.0,0.0,0.0,0.0,1.0,12.8,2022-07-31 19:00:00
13844,0.0,0.0,0.0,0.0,0.0,12.7,2022-07-31 20:00:00
13845,0.0,0.0,0.0,0.0,0.0,12.59,2022-07-31 21:00:00
13846,0.0,0.0,0.0,0.0,0.0,12.59,2022-07-31 22:00:00
13847,0.0,0.0,0.0,0.0,0.0,12.5,2022-07-31 23:00:00